Workbook
Name PersonelListesi: 'İCRA DOSYALARI'!$A$2:$A$200

Sheet KULLANIM
A2: PERSONEL İCRA TAKİP DOSYASI
A3: Bir personelin birden fazla icra dosyasını öncelik sırasına göre izler; aylık kesintileri toplar, kalan borcu ve hangi dosyanın ödemede olduğunu kendisi hesaplar.
A5: 1) İCRA DOSYALARI sayfasına her icra dosyasını AYRI SATIR olarak girin. Aynı personelin 5 icrası varsa 5 satır açın ve 'Öncelik Sırası' kolonuna 1, 2, 3, 4, 5 yazın.
A6: 2) Her ay bordrodan yapılan icra kesintisini AYLIK KESİNTİLER sayfasına bir satır olarak girin. Personel adı ve dosya numarası, İCRA DOSYALARI sayfasındakiyle BİREBİR AYNI yazılmalıdır (personel adı hücresinde hazır açılır liste vardır).
A7: 3) Hesaplamalar otomatiktir: 'Bordro Kesintileri Toplamı' aylık kesintilerden gelir; Kalan Borç = İcra Tutarı - (Önceki Firmada Tahsil + Bordro Kesintileri).
A8: 4) DURUM kolonu kendiliğinden değişir: KAPANDI = kalan borç 0'a indi; ÖDEMEDE = açık dosyalar içinde önceliği en küçük olan; SIRADA = öndeki dosya kapanınca ödemeye girecek olan. Yani 1. sıradaki icra bitince 2. sıradaki kendiliğinden ÖDEMEDE konumuna geçer.
A9: 5) Personel önceki firmasında/şubesinde aynı dosyadan kesinti yaptırdıysa bu tutarı 'Önceki Firmada Tahsil' kolonuna yazın.
A10: 6) PERSONEL ÖZET sayfası personel bazında toplamları ve şu an ödemede olan dosyayı gösterir. Yeni personel için adı A kolonuna yazmanız yeterlidir.
A12: RENK REHBERİ
A13: LACİVERT başlıklı kolonlar elle doldurulur.
A14: TURUNCU başlıklı kolonlar formüllüdür; bu kolonlara elle veri GİRMEYİN, silmeyin.
A15: Formüller 200 dosya satırı / 5.000 kesinti satırı için hazırdır. Daha fazlası gerekirse son formüllü satırı seçip aşağı kopyalayın.
A17: DURUM RENKLERİ: YEŞİL = ÖDEMEDE SARI = SIRADA GRİ = KAPANDI

Sheet İCRA DOSYALARI
A1: Personel Adı Soyadı | B1: T.C. Kimlik No | C1: Dosya Tarihi | D1: Dosya Numarası | E1: Öncelik Sırası | F1: İcra Dairesi | G1: Alacaklı | H1: İcra Tutarı (TL) | I1: Kesinti Şekli | J1: Kesinti Oranı (örn. 1/4) | K1: Aylık Kesinti Tutarı (TL) | L1: Önceki Firmada Tahsil (TL) | M1: Bordro Kesintileri Toplamı (TL) | N1: Toplam Tahsil Edilen (TL) | O1: Kalan Borç (TL) | P1: DURUM | Q1: Ödeme Yapılacak Banka / IBAN | R1: Açıklama | S1: (otomatik - silmeyin)
A2: MERT TÜZE | B2: 38128425238 | C2: 46076 | D2: 2025/203385 | E2: 1 | F2: BANKA ALACAKLARI İCRA DAİRESİ | G2: AKBANK TÜRK ANONİM ŞİRKETİ | H2: 130656.65 | I2: Oran | J2: 1/4 | L2: 0 | M2: =IF($D2="","",SUMIFS('AYLIK KESİNTİLER'!$E$2:$E$5000,'AYLIK KESİNTİLER'!$A$2:$A$5000,$A2,'AYLIK KESİNTİLER'!$B$2:$B$5000,$D2)) | N2: =IF($D2="","",$L2+$M2) | O2: =IF($D2="","",$H2-$N2) | P2: =IF($D2="","",IF($O2<=0,"KAPANDI",IF(COUNTIFS($A$2:$A$200,$A2,$E$2:$E$200,"<"&$E2,$O$2:$O$200,">0")=0,"ÖDEMEDE","SIRADA"))) | R2: ÖRNEK KAYIT - silebilirsiniz | S2: =IF($D2="","",$A2&"|"&$P2)
A3: MERT TÜZE | B3: 38128425238 | C3: 46183 | D3: deneme | E3: 2 | H3: 10000 | I3: Sabit Tutar | K3: 10000 | L3: 0 | M3: =IF($D3="","",SUMIFS('AYLIK KESİNTİLER'!$E$2:$E$5000,'AYLIK KESİNTİLER'!$A$2:$A$5000,$A3,'AYLIK KESİNTİLER'!$B$2:$B$5000,$D3)) | N3: =IF($D3="","",$L3+$M3) | O3: =IF($D3="","",$H3-$N3) | P3: =IF($D3="","",IF($O3<=0,"KAPANDI",IF(COUNTIFS($A$2:$A$200,$A3,$E$2:$E$200,"<"&$E3,$O$2:$O$200,">0")=0,"ÖDEMEDE","SIRADA"))) | R3: ÖRNEK KAYIT - silebilirsiniz | S3: =IF($D3="","",$A3&"|"&$P3)
A4: AHMET BAŞOĞLU | B4: 12856239602 | C4: 46037 | D4: 2024/101010 | E4: 1 | F4: ANKARA 5. İCRA DAİRESİ | G4: X FİNANS A.Ş. | H4: 5000 | I4: Sabit Tutar | K4: 2500 | L4: 5000 | M4: =IF($D4="","",SUMIFS('AYLIK KESİNTİLER'!$E$2:$E$5000,'AYLIK KESİNTİLER'!$A$2:$A$5000,$A4,'AYLIK KESİNTİLER'!$B$2:$B$5000,$D4)) | N4: =IF($D4="","",$L4+$M4) | O4: =IF($D4="","",$H4-$N4) | P4: =IF($D4="","",IF($O4<=0,"KAPANDI",IF(COUNTIFS($A$2:$A$200,$A4,$E$2:$E$200,"<"&$E4,$O$2:$O$200,">0")=0,"ÖDEMEDE","SIRADA"))) | R4: ÖRNEK: borç bitti, otomatik KAPANDI | S4: =IF($D4="","",$A4&"|"&$P4)
A5: AHMET BAŞOĞLU | B5: 12856239602 | C5: 46074 | D5: 2025/55555 | E5: 2 | F5: ANKARA 12. İCRA DAİRESİ | G5: Y BANKASI A.Ş. | H5: 24000 | I5: Oran | J5: 1/4 | L5: 0 | M5: =IF($D5="","",SUMIFS('AYLIK KESİNTİLER'!$E$2:$E$5000,'AYLIK KESİNTİLER'!$A$2:$A$5000,$A5,'AYLIK KESİNTİLER'!$B$2:$B$5000,$D5)) | N5: =IF($D5="","",$L5+$M5) | O5: =IF($D5="","",$H5-$N5) | P5: =IF($D5="","",IF($O5<=0,"KAPANDI",IF(COUNTIFS($A$2:$A$200,$A5,$E$2:$E$200,"<"&$E5,$O$2:$O$200,">0")=0,"ÖDEMEDE","SIRADA"))) | R5: ÖRNEK: 1. dosya kapanınca ÖDEMEDE'ye geçti | S5: =IF($D5="","",$A5&"|"&$P5)
A6: AHMET BAŞOĞLU | B6: 12856239602 | C6: 46082 | D6: 2026/77777 | E6: 3 | F6: ANKARA 3. İCRA DAİRESİ | G6: Z TELEKOM A.Ş. | H6: 8000 | I6: Oran | J6: 1/4 | L6: 0 | M6: =IF($D6="","",SUMIFS('AYLIK KESİNTİLER'!$E$2:$E$5000,'AYLIK KESİNTİLER'!$A$2:$A$5000,$A6,'AYLIK KESİNTİLER'!$B$2:$B$5000,$D6)) | N6: =IF($D6="","",$L6+$M6) | O6: =IF($D6="","",$H6-$N6) | P6: =IF($D6="","",IF($O6<=0,"KAPANDI",IF(COUNTIFS($A$2:$A$200,$A6,$E$2:$E$200,"<"&$E6,$O$2:$O$200,">0")=0,"ÖDEMEDE","SIRADA"))) | R6: ÖRNEK: sırada bekliyor | S6: =IF($D6="","",$A6&"|"&$P6)
M7: =IF($D7="","",SUMIFS('AYLIK KESİNTİLER'!$E$2:$E$5000,'AYLIK KESİNTİLER'!$A$2:$A$5000,$A7,'AYLIK KESİNTİLER'!$B$2:$B$5000,$D7)) | N7: =IF($D7="","",$L7+$M7) | O7: =IF($D7="","",$H7-$N7) | P7: =IF($D7="","",IF($O7<=0,"KAPANDI",IF(COUNTIFS($A$2:$A$200,$A7,$E$2:$E$200,"<"&$E7,$O$2:$O$200,">0")=0,"ÖDEMEDE","SIRADA"))) | S7: =IF($D7="","",$A7&"|"&$P7)
M8: =IF($D8="","",SUMIFS('AYLIK KESİNTİLER'!$E$2:$E$5000,'AYLIK KESİNTİLER'!$A$2:$A$5000,$A8,'AYLIK KESİNTİLER'!$B$2:$B$5000,$D8)) | N8: =IF($D8="","",$L8+$M8) | O8: =IF($D8="","",$H8-$N8) | P8: =IF($D8="","",IF($O8<=0,"KAPANDI",IF(COUNTIFS($A$2:$A$200,$A8,$E$2:$E$200,"<"&$E8,$O$2:$O$200,">0")=0,"ÖDEMEDE","SIRADA"))) | S8: =IF($D8="","",$A8&"|"&$P8)
M9: =IF($D9="","",SUMIFS('AYLIK KESİNTİLER'!$E$2:$E$5000,'AYLIK KESİNTİLER'!$A$2:$A$5000,$A9,'AYLIK KESİNTİLER'!$B$2:$B$5000,$D9)) | N9: =IF($D9="","",$L9+$M9) | O9: =IF($D9="","",$H9-$N9) | P9: =IF($D9="","",IF($O9<=0,"KAPANDI",IF(COUNTIFS($A$2:$A$200,$A9,$E$2:$E$200,"<"&$E9,$O$2:$O$200,">0")=0,"ÖDEMEDE","SIRADA"))) | S9: =IF($D9="","",$A9&"|"&$P9)
M10: =IF($D10="","",SUMIFS('AYLIK KESİNTİLER'!$E$2:$E$5000,'AYLIK KESİNTİLER'!$A$2:$A$5000,$A10,'AYLIK KESİNTİLER'!$B$2:$B$5000,$D10)) | N10: =IF($D10="","",$L10+$M10) | O10: =IF($D10="","",$H10-$N10) | P10: =IF($D10="","",IF($O10<=0,"KAPANDI",IF(COUNTIFS($A$2:$A$200,$A10,$E$2:$E$200,"<"&$E10,$O$2:$O$200,">0")=0,"ÖDEMEDE","SIRADA"))) | S10: =IF($D10="","",$A10&"|"&$P10)
M11: =IF($D11="","",SUMIFS('AYLIK KESİNTİLER'!$E$2:$E$5000,'AYLIK KESİNTİLER'!$A$2:$A$5000,$A11,'AYLIK KESİNTİLER'!$B$2:$B$5000,$D11)) | N11: =IF($D11="","",$L11+$M11) | O11: =IF($D11="","",$H11-$N11) | P11: =IF($D11="","",IF($O11<=0,"KAPANDI",IF(COUNTIFS($A$2:$A$200,$A11,$E$2:$E$200,"<"&$E11,$O$2:$O$200,">0")=0,"ÖDEMEDE","SIRADA"))) | S11: =IF($D11="","",$A11&"|"&$P11)
M12: =IF($D12="","",SUMIFS('AYLIK KESİNTİLER'!$E$2:$E$5000,'AYLIK KESİNTİLER'!$A$2:$A$5000,$A12,'AYLIK KESİNTİLER'!$B$2:$B$5000,$D12)) | N12: =IF($D12="","",$L12+$M12) | O12: =IF($D12="","",$H12-$N12) | P12: =IF($D12="","",IF($O12<=0,"KAPANDI",IF(COUNTIFS($A$2:$A$200,$A12,$E$2:$E$200,"<"&$E12,$O$2:$O$200,">0")=0,"ÖDEMEDE","SIRADA"))) | S12: =IF($D12="","",$A12&"|"&$P12)
M13: =IF($D13="","",SUMIFS('AYLIK KESİNTİLER'!$E$2:$E$5000,'AYLIK KESİNTİLER'!$A$2:$A$5000,$A13,'AYLIK KESİNTİLER'!$B$2:$B$5000,$D13)) | N13: =IF($D13="","",$L13+$M13) | O13: =IF($D13="","",$H13-$N13) | P13: =IF($D13="","",IF($O13<=0,"KAPANDI",IF(COUNTIFS($A$2:$A$200,$A13,$E$2:$E$200,"<"&$E13,$O$2:$O$200,">0")=0,"ÖDEMEDE","SIRADA"))) | S13: =IF($D13="","",$A13&"|"&$P13)
M14: =IF($D14="","",SUMIFS('AYLIK KESİNTİLER'!$E$2:$E$5000,'AYLIK KESİNTİLER'!$A$2:$A$5000,$A14,'AYLIK KESİNTİLER'!$B$2:$B$5000,$D14)) | N14: =IF($D14="","",$L14+$M14) | O14: =IF($D14="","",$H14-$N14) | P14: =IF($D14="","",IF($O14<=0,"KAPANDI",IF(COUNTIFS($A$2:$A$200,$A14,$E$2:$E$200,"<"&$E14,$O$2:$O$200,">0")=0,"ÖDEMEDE","SIRADA"))) | S14: =IF($D14="","",$A14&"|"&$P14)
M15: =IF($D15="","",SUMIFS('AYLIK KESİNTİLER'!$E$2:$E$5000,'AYLIK KESİNTİLER'!$A$2:$A$5000,$A15,'AYLIK KESİNTİLER'!$B$2:$B$5000,$D15)) | N15: =IF($D15="","",$L15+$M15) | O15: =IF($D15="","",$H15-$N15) | P15: =IF($D15="","",IF($O15<=0,"KAPANDI",IF(COUNTIFS($A$2:$A$200,$A15,$E$2:$E$200,"<"&$E15,$O$2:$O$200,">0")=0,"ÖDEMEDE","SIRADA"))) | S15: =IF($D15="","",$A15&"|"&$P15)
M16: =IF($D16="","",SUMIFS('AYLIK KESİNTİLER'!$E$2:$E$5000,'AYLIK KESİNTİLER'!$A$2:$A$5000,$A16,'AYLIK KESİNTİLER'!$B$2:$B$5000,$D16)) | N16: =IF($D16="","",$L16+$M16) | O16: =IF($D16="","",$H16-$N16) | P16: =IF($D16="","",IF($O16<=0,"KAPANDI",IF(COUNTIFS($A$2:$A$200,$A16,$E$2:$E$200,"<"&$E16,$O$2:$O$200,">0")=0,"ÖDEMEDE","SIRADA"))) | S16: =IF($D16="","",$A16&"|"&$P16)
M17: =IF($D17="","",SUMIFS('AYLIK KESİNTİLER'!$E$2:$E$5000,'AYLIK KESİNTİLER'!$A$2:$A$5000,$A17,'AYLIK KESİNTİLER'!$B$2:$B$5000,$D17)) | N17: =IF($D17="","",$L17+$M17) | O17: =IF($D17="","",$H17-$N17) | P17: =IF($D17="","",IF($O17<=0,"KAPANDI",IF(COUNTIFS($A$2:$A$200,$A17,$E$2:$E$200,"<"&$E17,$O$2:$O$200,">0")=0,"ÖDEMEDE","SIRADA"))) | S17: =IF($D17="","",$A17&"|"&$P17)
M18: =IF($D18="","",SUMIFS('AYLIK KESİNTİLER'!$E$2:$E$5000,'AYLIK KESİNTİLER'!$A$2:$A$5000,$A18,'AYLIK KESİNTİLER'!$B$2:$B$5000,$D18)) | N18: =IF($D18="","",$L18+$M18) | O18: =IF($D18="","",$H18-$N18) | P18: =IF($D18="","",IF($O18<=0,"KAPANDI",IF(COUNTIFS($A$2:$A$200,$A18,$E$2:$E$200,"<"&$E18,$O$2:$O$200,">0")=0,"ÖDEMEDE","SIRADA"))) | S18: =IF($D18="","",$A18&"|"&$P18)
... M200: =IF($D200="","",SUMIFS('AYLIK KESİNTİLER'!$E$2:$E$5000,'AYLIK KESİNTİLER'!$A$2:$A$5000,$A200,'AYLIK KESİNTİLER'!$B$2:$B$5000,$D200)) | N200: =IF($D200="","",$L200+$M200) | O200: =IF($D200="","",$H200-$N200) | P200: =IF($D200="","",IF($O200<=0,"KAPANDI",IF(COUNTIFS($A$2:$A$200,$A200,$E$2:$E$200,"<"&$E200,$O$2:$O$200,">0")=0,"ÖDEMEDE","SIRADA"))) | S200: =IF($D200="","",$A200&"|"&$P200)

Sheet AYLIK KESİNTİLER
A1: Personel Adı Soyadı | B1: Dosya Numarası | C1: Kesinti Yılı | D1: Kesinti Dönemi (Ay) | E1: Kesinti Tutarı (TL) | F1: Açıklama
A2: MERT TÜZE | B2: 2025/203385 | C2: 2026 | D2: Şubat | E2: 7018.88 | F2: ÖRNEK KAYIT
A3: MERT TÜZE | B3: 2025/203385 | C3: 2026 | D3: Mart | E3: 7018.88 | F3: ÖRNEK KAYIT
A4: MERT TÜZE | B4: 2025/203385 | C4: 2026 | D4: Nisan | E4: 7018.88 | F4: ÖRNEK KAYIT
A5: AHMET BAŞOĞLU | B5: 2025/55555 | C5: 2026 | D5: Haziran | E5: 6000 | F5: ÖRNEK KAYIT

Sheet PERSONEL ÖZET
A1: Personel Adı Soyadı | B1: Dosya Sayısı | C1: Toplam İcra Tutarı (TL) | D1: Toplam Tahsil Edilen (TL) | E1: Toplam Kalan Borç (TL) | F1: Ödemedeki Dosya No | G1: Ödemedeki Dosyanın Kalan Borcu (TL)
A2: MERT TÜZE | B2: =IF($A2="","",COUNTIF('İCRA DOSYALARI'!$A$2:$A$200,$A2)) | C2: =IF($A2="","",SUMIF('İCRA DOSYALARI'!$A$2:$A$200,$A2,'İCRA DOSYALARI'!$H$2:$H$200)) | D2: =IF($A2="","",SUMIF('İCRA DOSYALARI'!$A$2:$A$200,$A2,'İCRA DOSYALARI'!$N$2:$N$200)) | E2: =IF($A2="","",SUMIF('İCRA DOSYALARI'!$A$2:$A$200,$A2,'İCRA DOSYALARI'!$O$2:$O$200)) | F2: =IF($A2="","",IFERROR(INDEX('İCRA DOSYALARI'!$D$2:$D$200,MATCH($A2&"|ÖDEMEDE",'İCRA DOSYALARI'!$S$2:$S$200,0)),"-")) | G2: =IF($A2="","",IFERROR(INDEX('İCRA DOSYALARI'!$O$2:$O$200,MATCH($A2&"|ÖDEMEDE",'İCRA DOSYALARI'!$S$2:$S$200,0)),"-"))
A3: AHMET BAŞOĞLU | B3: =IF($A3="","",COUNTIF('İCRA DOSYALARI'!$A$2:$A$200,$A3)) | C3: =IF($A3="","",SUMIF('İCRA DOSYALARI'!$A$2:$A$200,$A3,'İCRA DOSYALARI'!$H$2:$H$200)) | D3: =IF($A3="","",SUMIF('İCRA DOSYALARI'!$A$2:$A$200,$A3,'İCRA DOSYALARI'!$N$2:$N$200)) | E3: =IF($A3="","",SUMIF('İCRA DOSYALARI'!$A$2:$A$200,$A3,'İCRA DOSYALARI'!$O$2:$O$200)) | F3: =IF($A3="","",IFERROR(INDEX('İCRA DOSYALARI'!$D$2:$D$200,MATCH($A3&"|ÖDEMEDE",'İCRA DOSYALARI'!$S$2:$S$200,0)),"-")) | G3: =IF($A3="","",IFERROR(INDEX('İCRA DOSYALARI'!$O$2:$O$200,MATCH($A3&"|ÖDEMEDE",'İCRA DOSYALARI'!$S$2:$S$200,0)),"-"))
B4: =IF($A4="","",COUNTIF('İCRA DOSYALARI'!$A$2:$A$200,$A4)) | C4: =IF($A4="","",SUMIF('İCRA DOSYALARI'!$A$2:$A$200,$A4,'İCRA DOSYALARI'!$H$2:$H$200)) | D4: =IF($A4="","",SUMIF('İCRA DOSYALARI'!$A$2:$A$200,$A4,'İCRA DOSYALARI'!$N$2:$N$200)) | E4: =IF($A4="","",SUMIF('İCRA DOSYALARI'!$A$2:$A$200,$A4,'İCRA DOSYALARI'!$O$2:$O$200)) | F4: =IF($A4="","",IFERROR(INDEX('İCRA DOSYALARI'!$D$2:$D$200,MATCH($A4&"|ÖDEMEDE",'İCRA DOSYALARI'!$S$2:$S$200,0)),"-")) | G4: =IF($A4="","",IFERROR(INDEX('İCRA DOSYALARI'!$O$2:$O$200,MATCH($A4&"|ÖDEMEDE",'İCRA DOSYALARI'!$S$2:$S$200,0)),"-"))
B5: =IF($A5="","",COUNTIF('İCRA DOSYALARI'!$A$2:$A$200,$A5)) | C5: =IF($A5="","",SUMIF('İCRA DOSYALARI'!$A$2:$A$200,$A5,'İCRA DOSYALARI'!$H$2:$H$200)) | D5: =IF($A5="","",SUMIF('İCRA DOSYALARI'!$A$2:$A$200,$A5,'İCRA DOSYALARI'!$N$2:$N$200)) | E5: =IF($A5="","",SUMIF('İCRA DOSYALARI'!$A$2:$A$200,$A5,'İCRA DOSYALARI'!$O$2:$O$200)) | F5: =IF($A5="","",IFERROR(INDEX('İCRA DOSYALARI'!$D$2:$D$200,MATCH($A5&"|ÖDEMEDE",'İCRA DOSYALARI'!$S$2:$S$200,0)),"-")) | G5: =IF($A5="","",IFERROR(INDEX('İCRA DOSYALARI'!$O$2:$O$200,MATCH($A5&"|ÖDEMEDE",'İCRA DOSYALARI'!$S$2:$S$200,0)),"-"))
B6: =IF($A6="","",COUNTIF('İCRA DOSYALARI'!$A$2:$A$200,$A6)) | C6: =IF($A6="","",SUMIF('İCRA DOSYALARI'!$A$2:$A$200,$A6,'İCRA DOSYALARI'!$H$2:$H$200)) | D6: =IF($A6="","",SUMIF('İCRA DOSYALARI'!$A$2:$A$200,$A6,'İCRA DOSYALARI'!$N$2:$N$200)) | E6: =IF($A6="","",SUMIF('İCRA DOSYALARI'!$A$2:$A$200,$A6,'İCRA DOSYALARI'!$O$2:$O$200)) | F6: =IF($A6="","",IFERROR(INDEX('İCRA DOSYALARI'!$D$2:$D$200,MATCH($A6&"|ÖDEMEDE",'İCRA DOSYALARI'!$S$2:$S$200,0)),"-")) | G6: =IF($A6="","",IFERROR(INDEX('İCRA DOSYALARI'!$O$2:$O$200,MATCH($A6&"|ÖDEMEDE",'İCRA DOSYALARI'!$S$2:$S$200,0)),"-"))
B7: =IF($A7="","",COUNTIF('İCRA DOSYALARI'!$A$2:$A$200,$A7)) | C7: =IF($A7="","",SUMIF('İCRA DOSYALARI'!$A$2:$A$200,$A7,'İCRA DOSYALARI'!$H$2:$H$200)) | D7: =IF($A7="","",SUMIF('İCRA DOSYALARI'!$A$2:$A$200,$A7,'İCRA DOSYALARI'!$N$2:$N$200)) | E7: =IF($A7="","",SUMIF('İCRA DOSYALARI'!$A$2:$A$200,$A7,'İCRA DOSYALARI'!$O$2:$O$200)) | F7: =IF($A7="","",IFERROR(INDEX('İCRA DOSYALARI'!$D$2:$D$200,MATCH($A7&"|ÖDEMEDE",'İCRA DOSYALARI'!$S$2:$S$200,0)),"-")) | G7: =IF($A7="","",IFERROR(INDEX('İCRA DOSYALARI'!$O$2:$O$200,MATCH($A7&"|ÖDEMEDE",'İCRA DOSYALARI'!$S$2:$S$200,0)),"-"))
B8: =IF($A8="","",COUNTIF('İCRA DOSYALARI'!$A$2:$A$200,$A8)) | C8: =IF($A8="","",SUMIF('İCRA DOSYALARI'!$A$2:$A$200,$A8,'İCRA DOSYALARI'!$H$2:$H$200)) | D8: =IF($A8="","",SUMIF('İCRA DOSYALARI'!$A$2:$A$200,$A8,'İCRA DOSYALARI'!$N$2:$N$200)) | E8: =IF($A8="","",SUMIF('İCRA DOSYALARI'!$A$2:$A$200,$A8,'İCRA DOSYALARI'!$O$2:$O$200)) | F8: =IF($A8="","",IFERROR(INDEX('İCRA DOSYALARI'!$D$2:$D$200,MATCH($A8&"|ÖDEMEDE",'İCRA DOSYALARI'!$S$2:$S$200,0)),"-")) | G8: =IF($A8="","",IFERROR(INDEX('İCRA DOSYALARI'!$O$2:$O$200,MATCH($A8&"|ÖDEMEDE",'İCRA DOSYALARI'!$S$2:$S$200,0)),"-"))
B9: =IF($A9="","",COUNTIF('İCRA DOSYALARI'!$A$2:$A$200,$A9)) | C9: =IF($A9="","",SUMIF('İCRA DOSYALARI'!$A$2:$A$200,$A9,'İCRA DOSYALARI'!$H$2:$H$200)) | D9: =IF($A9="","",SUMIF('İCRA DOSYALARI'!$A$2:$A$200,$A9,'İCRA DOSYALARI'!$N$2:$N$200)) | E9: =IF($A9="","",SUMIF('İCRA DOSYALARI'!$A$2:$A$200,$A9,'İCRA DOSYALARI'!$O$2:$O$200)) | F9: =IF($A9="","",IFERROR(INDEX('İCRA DOSYALARI'!$D$2:$D$200,MATCH($A9&"|ÖDEMEDE",'İCRA DOSYALARI'!$S$2:$S$200,0)),"-")) | G9: =IF($A9="","",IFERROR(INDEX('İCRA DOSYALARI'!$O$2:$O$200,MATCH($A9&"|ÖDEMEDE",'İCRA DOSYALARI'!$S$2:$S$200,0)),"-"))
B10: =IF($A10="","",COUNTIF('İCRA DOSYALARI'!$A$2:$A$200,$A10)) | C10: =IF($A10="","",SUMIF('İCRA DOSYALARI'!$A$2:$A$200,$A10,'İCRA DOSYALARI'!$H$2:$H$200)) | D10: =IF($A10="","",SUMIF('İCRA DOSYALARI'!$A$2:$A$200,$A10,'İCRA DOSYALARI'!$N$2:$N$200)) | E10: =IF($A10="","",SUMIF('İCRA DOSYALARI'!$A$2:$A$200,$A10,'İCRA DOSYALARI'!$O$2:$O$200)) | F10: =IF($A10="","",IFERROR(INDEX('İCRA DOSYALARI'!$D$2:$D$200,MATCH($A10&"|ÖDEMEDE",'İCRA DOSYALARI'!$S$2:$S$200,0)),"-")) | G10: =IF($A10="","",IFERROR(INDEX('İCRA DOSYALARI'!$O$2:$O$200,MATCH($A10&"|ÖDEMEDE",'İCRA DOSYALARI'!$S$2:$S$200,0)),"-"))
B11: =IF($A11="","",COUNTIF('İCRA DOSYALARI'!$A$2:$A$200,$A11)) | C11: =IF($A11="","",SUMIF('İCRA DOSYALARI'!$A$2:$A$200,$A11,'İCRA DOSYALARI'!$H$2:$H$200)) | D11: =IF($A11="","",SUMIF('İCRA DOSYALARI'!$A$2:$A$200,$A11,'İCRA DOSYALARI'!$N$2:$N$200)) | E11: =IF($A11="","",SUMIF('İCRA DOSYALARI'!$A$2:$A$200,$A11,'İCRA DOSYALARI'!$O$2:$O$200)) | F11: =IF($A11="","",IFERROR(INDEX('İCRA DOSYALARI'!$D$2:$D$200,MATCH($A11&"|ÖDEMEDE",'İCRA DOSYALARI'!$S$2:$S$200,0)),"-")) | G11: =IF($A11="","",IFERROR(INDEX('İCRA DOSYALARI'!$O$2:$O$200,MATCH($A11&"|ÖDEMEDE",'İCRA DOSYALARI'!$S$2:$S$200,0)),"-"))
B12: =IF($A12="","",COUNTIF('İCRA DOSYALARI'!$A$2:$A$200,$A12)) | C12: =IF($A12="","",SUMIF('İCRA DOSYALARI'!$A$2:$A$200,$A12,'İCRA DOSYALARI'!$H$2:$H$200)) | D12: =IF($A12="","",SUMIF('İCRA DOSYALARI'!$A$2:$A$200,$A12,'İCRA DOSYALARI'!$N$2:$N$200)) | E12: =IF($A12="","",SUMIF('İCRA DOSYALARI'!$A$2:$A$200,$A12,'İCRA DOSYALARI'!$O$2:$O$200)) | F12: =IF($A12="","",IFERROR(INDEX('İCRA DOSYALARI'!$D$2:$D$200,MATCH($A12&"|ÖDEMEDE",'İCRA DOSYALARI'!$S$2:$S$200,0)),"-")) | G12: =IF($A12="","",IFERROR(INDEX('İCRA DOSYALARI'!$O$2:$O$200,MATCH($A12&"|ÖDEMEDE",'İCRA DOSYALARI'!$S$2:$S$200,0)),"-"))
B13: =IF($A13="","",COUNTIF('İCRA DOSYALARI'!$A$2:$A$200,$A13)) | C13: =IF($A13="","",SUMIF('İCRA DOSYALARI'!$A$2:$A$200,$A13,'İCRA DOSYALARI'!$H$2:$H$200)) | D13: =IF($A13="","",SUMIF('İCRA DOSYALARI'!$A$2:$A$200,$A13,'İCRA DOSYALARI'!$N$2:$N$200)) | E13: =IF($A13="","",SUMIF('İCRA DOSYALARI'!$A$2:$A$200,$A13,'İCRA DOSYALARI'!$O$2:$O$200)) | F13: =IF($A13="","",IFERROR(INDEX('İCRA DOSYALARI'!$D$2:$D$200,MATCH($A13&"|ÖDEMEDE",'İCRA DOSYALARI'!$S$2:$S$200,0)),"-")) | G13: =IF($A13="","",IFERROR(INDEX('İCRA DOSYALARI'!$O$2:$O$200,MATCH($A13&"|ÖDEMEDE",'İCRA DOSYALARI'!$S$2:$S$200,0)),"-"))
B14: =IF($A14="","",COUNTIF('İCRA DOSYALARI'!$A$2:$A$200,$A14)) | C14: =IF($A14="","",SUMIF('İCRA DOSYALARI'!$A$2:$A$200,$A14,'İCRA DOSYALARI'!$H$2:$H$200)) | D14: =IF($A14="","",SUMIF('İCRA DOSYALARI'!$A$2:$A$200,$A14,'İCRA DOSYALARI'!$N$2:$N$200)) | E14: =IF($A14="","",SUMIF('İCRA DOSYALARI'!$A$2:$A$200,$A14,'İCRA DOSYALARI'!$O$2:$O$200)) | F14: =IF($A14="","",IFERROR(INDEX('İCRA DOSYALARI'!$D$2:$D$200,MATCH($A14&"|ÖDEMEDE",'İCRA DOSYALARI'!$S$2:$S$200,0)),"-")) | G14: =IF($A14="","",IFERROR(INDEX('İCRA DOSYALARI'!$O$2:$O$200,MATCH($A14&"|ÖDEMEDE",'İCRA DOSYALARI'!$S$2:$S$200,0)),"-"))
B15: =IF($A15="","",COUNTIF('İCRA DOSYALARI'!$A$2:$A$200,$A15)) | C15: =IF($A15="","",SUMIF('İCRA DOSYALARI'!$A$2:$A$200,$A15,'İCRA DOSYALARI'!$H$2:$H$200)) | D15: =IF($A15="","",SUMIF('İCRA DOSYALARI'!$A$2:$A$200,$A15,'İCRA DOSYALARI'!$N$2:$N$200)) | E15: =IF($A15="","",SUMIF('İCRA DOSYALARI'!$A$2:$A$200,$A15,'İCRA DOSYALARI'!$O$2:$O$200)) | F15: =IF($A15="","",IFERROR(INDEX('İCRA DOSYALARI'!$D$2:$D$200,MATCH($A15&"|ÖDEMEDE",'İCRA DOSYALARI'!$S$2:$S$200,0)),"-")) | G15: =IF($A15="","",IFERROR(INDEX('İCRA DOSYALARI'!$O$2:$O$200,MATCH($A15&"|ÖDEMEDE",'İCRA DOSYALARI'!$S$2:$S$200,0)),"-"))
... B100: =IF($A100="","",COUNTIF('İCRA DOSYALARI'!$A$2:$A$200,$A100)) | C100: =IF($A100="","",SUMIF('İCRA DOSYALARI'!$A$2:$A$200,$A100,'İCRA DOSYALARI'!$H$2:$H$200)) | D100: =IF($A100="","",SUMIF('İCRA DOSYALARI'!$A$2:$A$200,$A100,'İCRA DOSYALARI'!$N$2:$N$200)) | E100: =IF($A100="","",SUMIF('İCRA DOSYALARI'!$A$2:$A$200,$A100,'İCRA DOSYALARI'!$O$2:$O$200)) | F100: =IF($A100="","",IFERROR(INDEX('İCRA DOSYALARI'!$D$2:$D$200,MATCH($A100&"|ÖDEMEDE",'İCRA DOSYALARI'!$S$2:$S$200,0)),"-")) | G100: =IF($A100="","",IFERROR(INDEX('İCRA DOSYALARI'!$O$2:$O$200,MATCH($A100&"|ÖDEMEDE",'İCRA DOSYALARI'!$S$2:$S$200,0)),"-"))
